上传到,包内路径,来源（工作区）,说明
github,github/analysis/A02_reconcile_969_gene_axis.py,gigascience_v5/experiments/A02_reconcile_969_gene_axis.py,LINCS/DepMap/GTEx 分析脚本
github,github/analysis/A07_build_common_eval_pairs.py,gigascience_v5/experiments/A07_build_common_eval_pairs.py,LINCS/DepMap/GTEx 分析脚本
github,github/analysis/B_extract_sevenmodel_beta_dcic_boot.py,gigascience_v5/experiments/B_extract_sevenmodel_beta_dcic_boot.py,LINCS/DepMap/GTEx 分析脚本
github,github/analysis/CD_consolidate_from_prior.py,gigascience_v5/experiments/CD_consolidate_from_prior.py,LINCS/DepMap/GTEx 分析脚本
github,github/analysis/compute_perrow_all_states.py,gigascience_v5/experiments/compute_perrow_all_states.py,LINCS/DepMap/GTEx 分析脚本
github,github/analysis/diag_predict_variance.py,gigascience_v5/experiments/diag_predict_variance.py,LINCS/DepMap/GTEx 分析脚本
github,github/analysis/E_extract_max_tanimoto.py,gigascience_v5/experiments/E_extract_max_tanimoto.py,LINCS/DepMap/GTEx 分析脚本
github,github/analysis/export_BN_figures_data.py,gigascience_v5/experiments/export_BN_figures_data.py,LINCS/DepMap/GTEx 分析脚本
github,github/analysis/F_within_product_reproducibility.py,gigascience_v5/experiments/F_within_product_reproducibility.py,LINCS/DepMap/GTEx 分析脚本
github,github/analysis/I_product_decomposition.py,gigascience_v5/experiments/I_product_decomposition.py,LINCS/DepMap/GTEx 分析脚本
github,github/analysis/J_expand_existing_signature_panel.py,gigascience_v5/experiments/J_expand_existing_signature_panel.py,LINCS/DepMap/GTEx 分析脚本
github,github/analysis/K_topk_exact_nulls.py,gigascience_v5/experiments/K_topk_exact_nulls.py,LINCS/DepMap/GTEx 分析脚本
github,github/analysis/L_depmap_effect_heterogeneity.py,gigascience_v5/experiments/L_depmap_effect_heterogeneity.py,LINCS/DepMap/GTEx 分析脚本
github,github/analysis/M_negative_controls_summary.py,gigascience_v5/experiments/M_negative_controls_summary.py,LINCS/DepMap/GTEx 分析脚本
github,github/analysis/N_crossmodality_cellprofile.py,gigascience_v5/experiments/N_crossmodality_cellprofile.py,LINCS/DepMap/GTEx 分析脚本
github,github/analysis/P_frozen_multimetric_cohorts.py,gigascience_v5/experiments/P_frozen_multimetric_cohorts.py,LINCS/DepMap/GTEx 分析脚本
github,github/analysis/plot_BN_figures.py,gigascience_v5/experiments/plot_BN_figures.py,LINCS/DepMap/GTEx 分析脚本
github,github/analysis/plot_multiseed_2x2.py,gigascience_v5/experiments/plot_multiseed_2x2.py,LINCS/DepMap/GTEx 分析脚本
github,github/analysis/prnet_2x2_alignment_qc.py,gigascience_v5/experiments/prnet_2x2_alignment_qc.py,LINCS/DepMap/GTEx 分析脚本
github,github/analysis/prnet_2x2_dose_tolerance_probe.py,gigascience_v5/experiments/prnet_2x2_dose_tolerance_probe.py,LINCS/DepMap/GTEx 分析脚本
github,github/analysis/PRnet_commonX_build.py,gigascience_v5/experiments/PRnet_commonX_build.py,LINCS/DepMap/GTEx 分析脚本
github,github/analysis/PRnet_commonX_train_eval.py,gigascience_v5/experiments/PRnet_commonX_train_eval.py,LINCS/DepMap/GTEx 分析脚本
github,github/analysis/PRnet_commonX_train_eval_multiseed.py,gigascience_v5/experiments/PRnet_commonX_train_eval_multiseed.py,LINCS/DepMap/GTEx 分析脚本
github,github/analysis/PRnet_commonX_train_eval_strengthened.py,gigascience_v5/experiments/PRnet_commonX_train_eval_strengthened.py,LINCS/DepMap/GTEx 分析脚本
github,github/analysis/PRnet_dcic_QC.py,gigascience_v5/experiments/PRnet_dcic_QC.py,LINCS/DepMap/GTEx 分析脚本
github,github/analysis/PRnet_dcic_QC_genes.py,gigascience_v5/experiments/PRnet_dcic_QC_genes.py,LINCS/DepMap/GTEx 分析脚本
github,github/analysis/probe_ridge_ceiling.py,gigascience_v5/experiments/probe_ridge_ceiling.py,LINCS/DepMap/GTEx 分析脚本
github,github/analysis/Q_depmap_disjoint_cohorts.py,gigascience_v5/experiments/Q_depmap_disjoint_cohorts.py,LINCS/DepMap/GTEx 分析脚本
github,github/analysis/R_big_independent_cohort.py,gigascience_v5/experiments/R_big_independent_cohort.py,LINCS/DepMap/GTEx 分析脚本
github,github/analysis/S_drugsplit_metrics_ci.py,gigascience_v5/experiments/S_drugsplit_metrics_ci.py,LINCS/DepMap/GTEx 分析脚本
github,github/analysis/depmap_background_control.py,gigascience_upload_work/GigaScience_Reproducibility_Package/analysis_code/as_supplied/depmap_background_control.py,as-supplied 复现脚本
github,github/analysis/gtex_reference_sensitivity.py,gigascience_upload_work/GigaScience_Reproducibility_Package/analysis_code/as_supplied/gtex_reference_sensitivity.py,as-supplied 复现脚本
github,github/analysis/plot_gtex_figure7.py,gigascience_upload_work/GigaScience_Reproducibility_Package/analysis_code/as_supplied/plot_gtex_figure7.py,as-supplied 复现脚本
github,github/analysis/reanalyse.py,gigascience_upload_work/GigaScience_Reproducibility_Package/analysis_code/as_supplied/reanalyse.py,as-supplied 复现脚本
github,github/analysis/audit_and_redraw.py,gigascience_upload_work/GigaScience_Reproducibility_Package/analysis_code/audit_and_redraw.py,as-supplied 复现脚本
github,github/analysis/bootstrap_interaction.py,gigascience_upload_work/GigaScience_Reproducibility_Package/analysis_code/depmap_positive_control/bootstrap_interaction.py,as-supplied 复现脚本
github,github/analysis/make_panel_figure.py,gigascience_upload_work/GigaScience_Reproducibility_Package/analysis_code/depmap_positive_control/make_panel_figure.py,as-supplied 复现脚本
github,github/analysis/make_panelAB_figure.py,gigascience_upload_work/GigaScience_Reproducibility_Package/analysis_code/depmap_positive_control/make_panelAB_figure.py,as-supplied 复现脚本
github,github/analysis/make_panelC_figure.py,gigascience_upload_work/GigaScience_Reproducibility_Package/analysis_code/depmap_positive_control/make_panelC_figure.py,as-supplied 复现脚本
github,github/analysis/positive_control_expression_ridge.py,gigascience_upload_work/GigaScience_Reproducibility_Package/analysis_code/depmap_positive_control/positive_control_expression_ridge.py,as-supplied 复现脚本
github,github/analysis/bootstrap_interaction.py,depmap_positive_control/scripts/bootstrap_interaction.py,DepMap 阳性对照
github,github/analysis/make_panel_figure.py,depmap_positive_control/scripts/make_panel_figure.py,DepMap 阳性对照
github,github/analysis/make_panelAB_figure.py,depmap_positive_control/scripts/make_panelAB_figure.py,DepMap 阳性对照
github,github/analysis/make_panelC_figure.py,depmap_positive_control/scripts/make_panelC_figure.py,DepMap 阳性对照
github,github/analysis/positive_control_expression_ridge.py,depmap_positive_control/scripts/positive_control_expression_ridge.py,DepMap 阳性对照
github,github/analysis/00_inspect_headers.py,gtex_reference_sensitivity/scripts/00_inspect_headers.py,GTEx 管线
github,github/analysis/01_check_samples.py,gtex_reference_sensitivity/scripts/01_check_samples.py,GTEx 管线
github,github/analysis/02_aggregate_rsem_to_gene.py,gtex_reference_sensitivity/scripts/02_aggregate_rsem_to_gene.py,GTEx 管线
github,github/analysis/03_align_products.py,gtex_reference_sensitivity/scripts/03_align_products.py,GTEx 管线
github,github/analysis/04_make_splits.py,gtex_reference_sensitivity/scripts/04_make_splits.py,GTEx 管线
github,github/analysis/05_build_predictors.py,gtex_reference_sensitivity/scripts/05_build_predictors.py,GTEx 管线
github,github/analysis/06_score_2x2.py,gtex_reference_sensitivity/scripts/06_score_2x2.py,GTEx 管线
github,github/analysis/07_bootstrap.py,gtex_reference_sensitivity/scripts/07_bootstrap.py,GTEx 管线
github,github/analysis/08_make_figures.py,gtex_reference_sensitivity/scripts/08_make_figures.py,GTEx 管线
github,github/analysis/09_make_deliverables.py,gtex_reference_sensitivity/scripts/09_make_deliverables.py,GTEx 管线
github,github/analysis/common.py,gtex_reference_sensitivity/scripts/common.py,GTEx 管线
github,github/analysis/figure_build/build_main_figures_final.py,gigascience_figwork2/GigaScience_GTEx_checked/analysis_code/build_main_figures_final.py,主图/分面板渲染
github,github/analysis/figure_build/render_panels.py,gigascience_figwork2/GigaScience_GTEx_checked/analysis_code/render_panels.py,主图/分面板渲染
github,github/analysis/figure_build/make_figure_review.py,gigascience_figwork2/GigaScience_GTEx_checked/analysis_code/make_figure_review.py,主图/分面板渲染
github,github/analysis/stability_checks/_within_ref_stability.py,gigascience_upload_work/_within_ref_stability.py,稳定性/交叉自助/审计脚本
github,github/analysis/stability_checks/_crossed_bootstrap_and_disease.py,gigascience_upload_work/_crossed_bootstrap_and_disease.py,稳定性/交叉自助/审计脚本
github,github/analysis/stability_checks/_patch_A_B.py,gigascience_upload_work/_patch_A_B.py,稳定性/交叉自助/审计脚本
github,github/analysis/stability_checks/_check_gene_subset_residualization.py,gigascience_upload_work/_check_gene_subset_residualization.py,稳定性/交叉自助/审计脚本
github,github/analysis/stability_checks/_recompute_depmap272.py,gigascience_upload_work/_recompute_depmap272.py,稳定性/交叉自助/审计脚本
github,github/analysis/stability_checks/_audit_numbers.py,gigascience_upload_work/_audit_numbers.py,稳定性/交叉自助/审计脚本
github,github/analysis/stability_checks/_rebuild_fig4a.py,_incoming_55point/_rebuild_fig4a.py,稳定性/交叉自助/审计脚本
github,github/requirements_gtex.txt,gigascience_figwork2/GigaScience_GTEx_checked/analysis_code/requirements_gtex.txt,依赖与配置
github,github/config.yaml,gtex_reference_sensitivity/config.yaml,依赖与配置
github,github/docs/README.md,gtex_reference_sensitivity/README.md,既有说明
github,github/docs/README.md,depmap_positive_control/README.md,既有说明
github,github/docs/README_ANALYSIS_READY.md,depmap_analysis_ready_20260929/README_ANALYSIS_READY.md,既有说明
github,github/docs/README_MANIFEST.md,depmap_analysis_ready_20260929/README_MANIFEST.md,既有说明
zenodo,zenodo/source_data/frozen_prediction_matrices/frozen_perrow_three_metrics.csv,gigascience_upload_work/GigaScience_Reproducibility_Package/source_data/frozen_prediction_matrices/frozen_perrow_three_metrics.csv,"LIMCS 冻结预测矩阵 11,275×978"
zenodo,zenodo/source_data/frozen_prediction_matrices/frozen_pred_matrix_beta_trained_11275x978.npy,gigascience_upload_work/GigaScience_Reproducibility_Package/source_data/frozen_prediction_matrices/frozen_pred_matrix_beta_trained_11275x978.npy,"LIMCS 冻结预测矩阵 11,275×978"
zenodo,zenodo/source_data/frozen_prediction_matrices/frozen_pred_matrix_dcic_trained_11275x978.npy,gigascience_upload_work/GigaScience_Reproducibility_Package/source_data/frozen_prediction_matrices/frozen_pred_matrix_dcic_trained_11275x978.npy,"LIMCS 冻结预测矩阵 11,275×978"
zenodo,zenodo/source_data/frozen_prediction_matrices/README_prediction_matrices.txt,gigascience_upload_work/GigaScience_Reproducibility_Package/source_data/frozen_prediction_matrices/README_prediction_matrices.txt,"LIMCS 冻结预测矩阵 11,275×978"
zenodo,zenodo/source_data/depmap_analysis_ready_20260929/README_ANALYSIS_READY.md,depmap_analysis_ready_20260929/README_ANALYSIS_READY.md,DepMap 派生数据
zenodo,zenodo/source_data/depmap_analysis_ready_20260929/README_MANIFEST.md,depmap_analysis_ready_20260929/README_MANIFEST.md,DepMap 派生数据
zenodo,zenodo/source_data/depmap_analysis_ready_20260929/verify_alignment.py,depmap_analysis_ready_20260929/verify_alignment.py,DepMap 派生数据
zenodo,zenodo/source_data/depmap_analysis_ready_20260929/first_predictor_DeepDEP/mapping_audit.json,depmap_analysis_ready_20260929/first_predictor_DeepDEP/mapping_audit.json,DepMap 派生数据
zenodo,zenodo/source_data/depmap_analysis_ready_20260929/first_predictor_DeepDEP/_intersection_stats.json,depmap_analysis_ready_20260929/first_predictor_DeepDEP/_intersection_stats.json,DepMap 派生数据
zenodo,zenodo/source_data/depmap_analysis_ready_20260929/index/cell_order.txt,depmap_analysis_ready_20260929/index/cell_order.txt,DepMap 派生数据
zenodo,zenodo/source_data/depmap_analysis_ready_20260929/index/depmap_index.json,depmap_analysis_ready_20260929/index/depmap_index.json,DepMap 派生数据
zenodo,zenodo/source_data/depmap_analysis_ready_20260929/index/manifest.json,depmap_analysis_ready_20260929/index/manifest.json,DepMap 派生数据
zenodo,zenodo/source_data/depmap_analysis_ready_20260929/index/split.json,depmap_analysis_ready_20260929/index/split.json,DepMap 派生数据
zenodo,zenodo/source_data/depmap_analysis_ready_20260929/index/target_genes.txt,depmap_analysis_ready_20260929/index/target_genes.txt,DepMap 派生数据
zenodo,zenodo/source_data/depmap_analysis_ready_20260929/index/test_cell_order.txt,depmap_analysis_ready_20260929/index/test_cell_order.txt,DepMap 派生数据
zenodo,zenodo/source_data/depmap_analysis_ready_20260929/predictions_test/seed0_pred_ceres_arm_test.npy,depmap_analysis_ready_20260929/predictions_test/seed0_pred_ceres_arm_test.npy,DepMap 派生数据
zenodo,zenodo/source_data/depmap_analysis_ready_20260929/predictions_test/seed0_pred_chronos_arm_test.npy,depmap_analysis_ready_20260929/predictions_test/seed0_pred_chronos_arm_test.npy,DepMap 派生数据
zenodo,zenodo/source_data/depmap_analysis_ready_20260929/predictions_test/seed1_pred_ceres_arm_test.npy,depmap_analysis_ready_20260929/predictions_test/seed1_pred_ceres_arm_test.npy,DepMap 派生数据
zenodo,zenodo/source_data/depmap_analysis_ready_20260929/predictions_test/seed1_pred_chronos_arm_test.npy,depmap_analysis_ready_20260929/predictions_test/seed1_pred_chronos_arm_test.npy,DepMap 派生数据
zenodo,zenodo/source_data/depmap_analysis_ready_20260929/predictions_test/seed2_pred_ceres_arm_test.npy,depmap_analysis_ready_20260929/predictions_test/seed2_pred_ceres_arm_test.npy,DepMap 派生数据
zenodo,zenodo/source_data/depmap_analysis_ready_20260929/predictions_test/seed2_pred_chronos_arm_test.npy,depmap_analysis_ready_20260929/predictions_test/seed2_pred_chronos_arm_test.npy,DepMap 派生数据
zenodo,zenodo/source_data/depmap_analysis_ready_20260929/predictions_test/seed3_pred_ceres_arm_test.npy,depmap_analysis_ready_20260929/predictions_test/seed3_pred_ceres_arm_test.npy,DepMap 派生数据
zenodo,zenodo/source_data/depmap_analysis_ready_20260929/predictions_test/seed3_pred_chronos_arm_test.npy,depmap_analysis_ready_20260929/predictions_test/seed3_pred_chronos_arm_test.npy,DepMap 派生数据
zenodo,zenodo/source_data/depmap_analysis_ready_20260929/predictions_test/seed4_pred_ceres_arm_test.npy,depmap_analysis_ready_20260929/predictions_test/seed4_pred_ceres_arm_test.npy,DepMap 派生数据
zenodo,zenodo/source_data/depmap_analysis_ready_20260929/predictions_test/seed4_pred_chronos_arm_test.npy,depmap_analysis_ready_20260929/predictions_test/seed4_pred_chronos_arm_test.npy,DepMap 派生数据
zenodo,zenodo/source_data/depmap_analysis_ready_20260929/reference_test/common_observed_mask_test136.npy,depmap_analysis_ready_20260929/reference_test/common_observed_mask_test136.npy,DepMap 派生数据
zenodo,zenodo/source_data/depmap_analysis_ready_20260929/reference_test/Y_CERES_test136.npy,depmap_analysis_ready_20260929/reference_test/Y_CERES_test136.npy,DepMap 派生数据
zenodo,zenodo/source_data/depmap_analysis_ready_20260929/reference_test/Y_Chronos_test136.npy,depmap_analysis_ready_20260929/reference_test/Y_Chronos_test136.npy,DepMap 派生数据
zenodo,zenodo/source_data/depmap_analysis_ready_20260929/train_gene_mean/train_genemean_Y_CERES.npy,depmap_analysis_ready_20260929/train_gene_mean/train_genemean_Y_CERES.npy,DepMap 派生数据
zenodo,zenodo/source_data/depmap_analysis_ready_20260929/train_gene_mean/train_genemean_Y_Chronos.npy,depmap_analysis_ready_20260929/train_gene_mean/train_genemean_Y_Chronos.npy,DepMap 派生数据
zenodo,zenodo/source_data/depmap_analysis_ready_20260929/train_gene_mean/train_observed_count.npy,depmap_analysis_ready_20260929/train_gene_mean/train_observed_count.npy,DepMap 派生数据
zenodo,zenodo/source_data/depmap_raw_artifacts_20260929/README_MANIFEST.md,depmap_raw_artifacts_20260929/README_MANIFEST.md,DepMap 派生数据
zenodo,zenodo/source_data/depmap_raw_artifacts_20260929/verify_alignment.py,depmap_raw_artifacts_20260929/verify_alignment.py,DepMap 派生数据
zenodo,zenodo/source_data/depmap_raw_artifacts_20260929/first_predictor_DeepDEP/DeepDEP_predictor_final.csv,depmap_raw_artifacts_20260929/first_predictor_DeepDEP/DeepDEP_predictor_final.csv,DepMap 派生数据
zenodo,zenodo/source_data/depmap_raw_artifacts_20260929/first_predictor_DeepDEP/DeepDEP_predictor_strict.csv,depmap_raw_artifacts_20260929/first_predictor_DeepDEP/DeepDEP_predictor_strict.csv,DepMap 派生数据
zenodo,zenodo/source_data/depmap_raw_artifacts_20260929/first_predictor_DeepDEP/mapping_audit.json,depmap_raw_artifacts_20260929/first_predictor_DeepDEP/mapping_audit.json,DepMap 派生数据
zenodo,zenodo/source_data/depmap_raw_artifacts_20260929/first_predictor_DeepDEP/mapping_audit_cell_lines.csv,depmap_raw_artifacts_20260929/first_predictor_DeepDEP/mapping_audit_cell_lines.csv,DepMap 派生数据
zenodo,zenodo/source_data/depmap_raw_artifacts_20260929/first_predictor_DeepDEP/mapping_audit_lost_genes.csv,depmap_raw_artifacts_20260929/first_predictor_DeepDEP/mapping_audit_lost_genes.csv,DepMap 派生数据
zenodo,zenodo/source_data/depmap_raw_artifacts_20260929/first_predictor_DeepDEP/_intersection_stats.json,depmap_raw_artifacts_20260929/first_predictor_DeepDEP/_intersection_stats.json,DepMap 派生数据
zenodo,zenodo/source_data/depmap_raw_artifacts_20260929/index/cell_order.txt,depmap_raw_artifacts_20260929/index/cell_order.txt,DepMap 派生数据
zenodo,zenodo/source_data/depmap_raw_artifacts_20260929/index/depmap_index.json,depmap_raw_artifacts_20260929/index/depmap_index.json,DepMap 派生数据
zenodo,zenodo/source_data/depmap_raw_artifacts_20260929/index/manifest.json,depmap_raw_artifacts_20260929/index/manifest.json,DepMap 派生数据
zenodo,zenodo/source_data/depmap_raw_artifacts_20260929/index/split.json,depmap_raw_artifacts_20260929/index/split.json,DepMap 派生数据
zenodo,zenodo/source_data/depmap_raw_artifacts_20260929/index/split_summary.json,depmap_raw_artifacts_20260929/index/split_summary.json,DepMap 派生数据
zenodo,zenodo/source_data/depmap_raw_artifacts_20260929/index/target_genes.txt,depmap_raw_artifacts_20260929/index/target_genes.txt,DepMap 派生数据
zenodo,zenodo/source_data/depmap_raw_artifacts_20260929/index/test_cell_order.txt,depmap_raw_artifacts_20260929/index/test_cell_order.txt,DepMap 派生数据
zenodo,zenodo/source_data/depmap_raw_artifacts_20260929/index/test_cell_order_seed0.txt,depmap_raw_artifacts_20260929/index/test_cell_order_seed0.txt,DepMap 派生数据
zenodo,zenodo/source_data/depmap_raw_artifacts_20260929/index/test_cell_order_seed1.txt,depmap_raw_artifacts_20260929/index/test_cell_order_seed1.txt,DepMap 派生数据
zenodo,zenodo/source_data/depmap_raw_artifacts_20260929/index/test_cell_order_seed2.txt,depmap_raw_artifacts_20260929/index/test_cell_order_seed2.txt,DepMap 派生数据
zenodo,zenodo/source_data/depmap_raw_artifacts_20260929/index/test_cell_order_seed3.txt,depmap_raw_artifacts_20260929/index/test_cell_order_seed3.txt,DepMap 派生数据
zenodo,zenodo/source_data/depmap_raw_artifacts_20260929/index/test_cell_order_seed4.txt,depmap_raw_artifacts_20260929/index/test_cell_order_seed4.txt,DepMap 派生数据
zenodo,zenodo/source_data/depmap_raw_artifacts_20260929/index/train_cell_order.txt,depmap_raw_artifacts_20260929/index/train_cell_order.txt,DepMap 派生数据
zenodo,zenodo/source_data/depmap_raw_artifacts_20260929/index/val_cell_order.txt,depmap_raw_artifacts_20260929/index/val_cell_order.txt,DepMap 派生数据
zenodo,zenodo/source_data/depmap_raw_artifacts_20260929/predictions_test/seed0_pred_ceres_arm_test.npy,depmap_raw_artifacts_20260929/predictions_test/seed0_pred_ceres_arm_test.npy,DepMap 派生数据
zenodo,zenodo/source_data/depmap_raw_artifacts_20260929/predictions_test/seed0_pred_chronos_arm_test.npy,depmap_raw_artifacts_20260929/predictions_test/seed0_pred_chronos_arm_test.npy,DepMap 派生数据
zenodo,zenodo/source_data/depmap_raw_artifacts_20260929/predictions_test/seed1_pred_ceres_arm_test.npy,depmap_raw_artifacts_20260929/predictions_test/seed1_pred_ceres_arm_test.npy,DepMap 派生数据
zenodo,zenodo/source_data/depmap_raw_artifacts_20260929/predictions_test/seed1_pred_chronos_arm_test.npy,depmap_raw_artifacts_20260929/predictions_test/seed1_pred_chronos_arm_test.npy,DepMap 派生数据
zenodo,zenodo/source_data/depmap_raw_artifacts_20260929/predictions_test/seed2_pred_ceres_arm_test.npy,depmap_raw_artifacts_20260929/predictions_test/seed2_pred_ceres_arm_test.npy,DepMap 派生数据
zenodo,zenodo/source_data/depmap_raw_artifacts_20260929/predictions_test/seed2_pred_chronos_arm_test.npy,depmap_raw_artifacts_20260929/predictions_test/seed2_pred_chronos_arm_test.npy,DepMap 派生数据
zenodo,zenodo/source_data/depmap_raw_artifacts_20260929/predictions_test/seed3_pred_ceres_arm_test.npy,depmap_raw_artifacts_20260929/predictions_test/seed3_pred_ceres_arm_test.npy,DepMap 派生数据
zenodo,zenodo/source_data/depmap_raw_artifacts_20260929/predictions_test/seed3_pred_chronos_arm_test.npy,depmap_raw_artifacts_20260929/predictions_test/seed3_pred_chronos_arm_test.npy,DepMap 派生数据
zenodo,zenodo/source_data/depmap_raw_artifacts_20260929/predictions_test/seed4_pred_ceres_arm_test.npy,depmap_raw_artifacts_20260929/predictions_test/seed4_pred_ceres_arm_test.npy,DepMap 派生数据
zenodo,zenodo/source_data/depmap_raw_artifacts_20260929/predictions_test/seed4_pred_chronos_arm_test.npy,depmap_raw_artifacts_20260929/predictions_test/seed4_pred_chronos_arm_test.npy,DepMap 派生数据
zenodo,zenodo/source_data/depmap_raw_artifacts_20260929/reference/common_observed_mask.npy,depmap_raw_artifacts_20260929/reference/common_observed_mask.npy,DepMap 派生数据
zenodo,zenodo/source_data/depmap_raw_artifacts_20260929/reference/Y_CERES.npy,depmap_raw_artifacts_20260929/reference/Y_CERES.npy,DepMap 派生数据
zenodo,zenodo/source_data/depmap_raw_artifacts_20260929/reference/Y_Chronos.npy,depmap_raw_artifacts_20260929/reference/Y_Chronos.npy,DepMap 派生数据
zenodo,zenodo/source_data/depmap_positive_control/depmap_positive_control_20260930.zip,depmap_positive_control/depmap_positive_control_20260930.zip,DepMap 派生数据
zenodo,zenodo/source_data/depmap_positive_control/README.md,depmap_positive_control/README.md,DepMap 派生数据
zenodo,zenodo/source_data/depmap_positive_control/figures/fig_panelC_2x2_heatmap.png,depmap_positive_control/figures/fig_panelC_2x2_heatmap.png,DepMap 派生数据
zenodo,zenodo/source_data/depmap_positive_control/figures/panel_ABC_positive_control.png,depmap_positive_control/figures/panel_ABC_positive_control.png,DepMap 派生数据
zenodo,zenodo/source_data/depmap_positive_control/figures/panel_AB_positive_control.png,depmap_positive_control/figures/panel_AB_positive_control.png,DepMap 派生数据
zenodo,zenodo/source_data/depmap_positive_control/results/interaction_bootstrap.json,depmap_positive_control/results/interaction_bootstrap.json,DepMap 派生数据
zenodo,zenodo/source_data/depmap_positive_control/results/model_metric_summary.csv,depmap_positive_control/results/model_metric_summary.csv,DepMap 派生数据
zenodo,zenodo/source_data/depmap_positive_control/results/per_cell_metrics.csv,depmap_positive_control/results/per_cell_metrics.csv,DepMap 派生数据
zenodo,zenodo/source_data/depmap_positive_control/results/per_gene_across_cell.csv,depmap_positive_control/results/per_gene_across_cell.csv,DepMap 派生数据
zenodo,zenodo/source_data/depmap_positive_control/results/positive_control_summary.json,depmap_positive_control/results/positive_control_summary.json,DepMap 派生数据
zenodo,zenodo/source_data/depmap_positive_control/scripts/bootstrap_interaction.py,depmap_positive_control/scripts/bootstrap_interaction.py,DepMap 派生数据
zenodo,zenodo/source_data/depmap_positive_control/scripts/make_panelAB_figure.py,depmap_positive_control/scripts/make_panelAB_figure.py,DepMap 派生数据
zenodo,zenodo/source_data/depmap_positive_control/scripts/make_panelC_figure.py,depmap_positive_control/scripts/make_panelC_figure.py,DepMap 派生数据
zenodo,zenodo/source_data/depmap_positive_control/scripts/make_panel_figure.py,depmap_positive_control/scripts/make_panel_figure.py,DepMap 派生数据
zenodo,zenodo/source_data/depmap_positive_control/scripts/positive_control_expression_ridge.py,depmap_positive_control/scripts/positive_control_expression_ridge.py,DepMap 派生数据
zenodo,zenodo/source_data/gtex_reference_sensitivity/config.yaml,gtex_reference_sensitivity/config.yaml,GTEx 派生数据（含逐样本得分）
zenodo,zenodo/source_data/gtex_reference_sensitivity/gtex_reference_sensitivity_deliverables_20260930.zip,gtex_reference_sensitivity/gtex_reference_sensitivity_deliverables_20260930.zip,GTEx 派生数据（含逐样本得分）
zenodo,zenodo/source_data/gtex_reference_sensitivity/README.md,gtex_reference_sensitivity/README.md,GTEx 派生数据（含逐样本得分）
zenodo,(未入包) gtex_reference_sensitivity/data_processed/rnaseqc.npy,gtex_reference_sensitivity/data_processed/rnaseqc.npy,★ 超大/原始数据，按 DATA_SOURCES.md 外部获取 (5907.0 MB)
zenodo,(未入包) gtex_reference_sensitivity/data_processed/rsem_gene.npy,gtex_reference_sensitivity/data_processed/rsem_gene.npy,★ 超大/原始数据，按 DATA_SOURCES.md 外部获取 (5907.0 MB)
zenodo,zenodo/source_data/gtex_reference_sensitivity/data_processed/RSEM_gene_tpm.meta.json,gtex_reference_sensitivity/data_processed/RSEM_gene_tpm.meta.json,GTEx 派生数据（含逐样本得分）
zenodo,(未入包) gtex_reference_sensitivity/data_processed/RSEM_gene_tpm.npy,gtex_reference_sensitivity/data_processed/RSEM_gene_tpm.npy,★ 超大/原始数据，按 DATA_SOURCES.md 外部获取 (5907.0 MB)
zenodo,zenodo/source_data/gtex_reference_sensitivity/data_processed/tissue_mean_rnaseqc.npz,gtex_reference_sensitivity/data_processed/tissue_mean_rnaseqc.npz,GTEx 派生数据（含逐样本得分）
zenodo,zenodo/source_data/gtex_reference_sensitivity/data_processed/tissue_mean_rsem.npz,gtex_reference_sensitivity/data_processed/tissue_mean_rsem.npz,GTEx 派生数据（含逐样本得分）
zenodo,zenodo/source_data/gtex_reference_sensitivity/deliverables/alignment_split_summary.json,gtex_reference_sensitivity/deliverables/alignment_split_summary.json,GTEx 派生数据（含逐样本得分）
zenodo,zenodo/source_data/gtex_reference_sensitivity/deliverables/benchmark_summary.csv,gtex_reference_sensitivity/deliverables/benchmark_summary.csv,GTEx 派生数据（含逐样本得分）
zenodo,zenodo/source_data/gtex_reference_sensitivity/deliverables/benchmark_summary.json,gtex_reference_sensitivity/deliverables/benchmark_summary.json,GTEx 派生数据（含逐样本得分）
zenodo,zenodo/source_data/gtex_reference_sensitivity/deliverables/common_genes.csv,gtex_reference_sensitivity/deliverables/common_genes.csv,GTEx 派生数据（含逐样本得分）
zenodo,zenodo/source_data/gtex_reference_sensitivity/deliverables/fig_2x2_heatmap.png,gtex_reference_sensitivity/deliverables/fig_2x2_heatmap.png,GTEx 派生数据（含逐样本得分）
zenodo,zenodo/source_data/gtex_reference_sensitivity/deliverables/fig_reference_agreement.png,gtex_reference_sensitivity/deliverables/fig_reference_agreement.png,GTEx 派生数据（含逐样本得分）
zenodo,zenodo/source_data/gtex_reference_sensitivity/deliverables/input_overlap.json,gtex_reference_sensitivity/deliverables/input_overlap.json,GTEx 派生数据（含逐样本得分）
zenodo,zenodo/source_data/gtex_reference_sensitivity/deliverables/per_sample_scores.csv,gtex_reference_sensitivity/deliverables/per_sample_scores.csv,GTEx 派生数据（含逐样本得分）
zenodo,zenodo/source_data/gtex_reference_sensitivity/deliverables/sample_split.csv,gtex_reference_sensitivity/deliverables/sample_split.csv,GTEx 派生数据（含逐样本得分）
zenodo,zenodo/source_data/gtex_reference_sensitivity/figures/fig1_score_distributions.png,gtex_reference_sensitivity/figures/fig1_score_distributions.png,GTEx 派生数据（含逐样本得分）
zenodo,zenodo/source_data/gtex_reference_sensitivity/figures/fig2_2x2_interaction.png,gtex_reference_sensitivity/figures/fig2_2x2_interaction.png,GTEx 派生数据（含逐样本得分）
zenodo,zenodo/source_data/gtex_reference_sensitivity/metadata/common_grid.json,gtex_reference_sensitivity/metadata/common_grid.json,GTEx 派生数据（含逐样本得分）
zenodo,zenodo/source_data/gtex_reference_sensitivity/metadata/donors.json,gtex_reference_sensitivity/metadata/donors.json,GTEx 派生数据（含逐样本得分）
zenodo,zenodo/source_data/gtex_reference_sensitivity/metadata/headers.json,gtex_reference_sensitivity/metadata/headers.json,GTEx 派生数据（含逐样本得分）
zenodo,zenodo/source_data/gtex_reference_sensitivity/metadata/sample_tissue_map.json,gtex_reference_sensitivity/metadata/sample_tissue_map.json,GTEx 派生数据（含逐样本得分）
zenodo,zenodo/source_data/gtex_reference_sensitivity/metadata/splits.json,gtex_reference_sensitivity/metadata/splits.json,GTEx 派生数据（含逐样本得分）
zenodo,zenodo/source_data/gtex_reference_sensitivity/results/bootstrap.json,gtex_reference_sensitivity/results/bootstrap.json,GTEx 派生数据（含逐样本得分）
zenodo,zenodo/source_data/gtex_reference_sensitivity/results/bootstrap_interaction_pearson.json,gtex_reference_sensitivity/results/bootstrap_interaction_pearson.json,GTEx 派生数据（含逐样本得分）
zenodo,zenodo/source_data/gtex_reference_sensitivity/results/bootstrap_interaction_spearman.json,gtex_reference_sensitivity/results/bootstrap_interaction_spearman.json,GTEx 派生数据（含逐样本得分）
zenodo,zenodo/source_data/gtex_reference_sensitivity/results/per_sample_scores.csv,gtex_reference_sensitivity/results/per_sample_scores.csv,GTEx 派生数据（含逐样本得分）
zenodo,zenodo/source_data/gtex_reference_sensitivity/results/pipeline.log,gtex_reference_sensitivity/results/pipeline.log,GTEx 派生数据（含逐样本得分）
zenodo,zenodo/source_data/gtex_reference_sensitivity/results/score_summary.json,gtex_reference_sensitivity/results/score_summary.json,GTEx 派生数据（含逐样本得分）
zenodo,zenodo/source_data/gtex_reference_sensitivity/scripts/00_inspect_headers.py,gtex_reference_sensitivity/scripts/00_inspect_headers.py,GTEx 派生数据（含逐样本得分）
zenodo,zenodo/source_data/gtex_reference_sensitivity/scripts/01_check_samples.py,gtex_reference_sensitivity/scripts/01_check_samples.py,GTEx 派生数据（含逐样本得分）
zenodo,zenodo/source_data/gtex_reference_sensitivity/scripts/02_aggregate_rsem_to_gene.py,gtex_reference_sensitivity/scripts/02_aggregate_rsem_to_gene.py,GTEx 派生数据（含逐样本得分）
zenodo,zenodo/source_data/gtex_reference_sensitivity/scripts/03_align_products.py,gtex_reference_sensitivity/scripts/03_align_products.py,GTEx 派生数据（含逐样本得分）
zenodo,zenodo/source_data/gtex_reference_sensitivity/scripts/04_make_splits.py,gtex_reference_sensitivity/scripts/04_make_splits.py,GTEx 派生数据（含逐样本得分）
zenodo,zenodo/source_data/gtex_reference_sensitivity/scripts/05_build_predictors.py,gtex_reference_sensitivity/scripts/05_build_predictors.py,GTEx 派生数据（含逐样本得分）
zenodo,zenodo/source_data/gtex_reference_sensitivity/scripts/06_score_2x2.py,gtex_reference_sensitivity/scripts/06_score_2x2.py,GTEx 派生数据（含逐样本得分）
zenodo,zenodo/source_data/gtex_reference_sensitivity/scripts/07_bootstrap.py,gtex_reference_sensitivity/scripts/07_bootstrap.py,GTEx 派生数据（含逐样本得分）
zenodo,zenodo/source_data/gtex_reference_sensitivity/scripts/08_make_figures.py,gtex_reference_sensitivity/scripts/08_make_figures.py,GTEx 派生数据（含逐样本得分）
zenodo,zenodo/source_data/gtex_reference_sensitivity/scripts/09_make_deliverables.py,gtex_reference_sensitivity/scripts/09_make_deliverables.py,GTEx 派生数据（含逐样本得分）
zenodo,zenodo/source_data/gtex_reference_sensitivity/scripts/common.py,gtex_reference_sensitivity/scripts/common.py,GTEx 派生数据（含逐样本得分）
zenodo,zenodo/source_data/图源数据/csv_to_xml.py,gigascience_v5/图源数据/csv_to_xml.py,图表源数据
zenodo,zenodo/source_data/图源数据/DepMap_aligned_CERES.csv.gz,gigascience_v5/图源数据/DepMap_aligned_CERES.csv.gz,图表源数据
zenodo,zenodo/source_data/图源数据/DepMap_aligned_Chronos.csv.gz,gigascience_v5/图源数据/DepMap_aligned_Chronos.csv.gz,图表源数据
zenodo,zenodo/source_data/图源数据/DepMap_CERES_272x1244.csv,gigascience_v5/图源数据/DepMap_CERES_272x1244.csv,图表源数据
zenodo,zenodo/source_data/图源数据/DepMap_Chronos_272x1244.csv,gigascience_v5/图源数据/DepMap_Chronos_272x1244.csv,图表源数据
zenodo,zenodo/source_data/图源数据/DepMap_percell_delta_eval.csv,gigascience_v5/图源数据/DepMap_percell_delta_eval.csv,图表源数据
zenodo,zenodo/source_data/图源数据/DepMap_percell_PCC.csv,gigascience_v5/图源数据/DepMap_percell_PCC.csv,图表源数据
zenodo,zenodo/source_data/图源数据/TableS_disease_perdrug_scored.csv,gigascience_v5/图源数据/TableS_disease_perdrug_scored.csv,图表源数据
zenodo,zenodo/source_data/图源数据/TableS_disease_signatures_summary.csv,gigascience_v5/图源数据/TableS_disease_signatures_summary.csv,图表源数据
zenodo,zenodo/source_data/图源数据/TableS_disease_top10_shortlist.csv,gigascience_v5/图源数据/TableS_disease_top10_shortlist.csv,图表源数据
zenodo,zenodo/source_data/图源数据/TableS_seven_models.csv,gigascience_v5/图源数据/TableS_seven_models.csv,图表源数据
zenodo,zenodo/source_data/图源数据/xml/DepMap_CERES_272x1244.xml,gigascience_v5/图源数据/xml/DepMap_CERES_272x1244.xml,图表源数据
zenodo,zenodo/source_data/图源数据/xml/DepMap_Chronos_272x1244.xml,gigascience_v5/图源数据/xml/DepMap_Chronos_272x1244.xml,图表源数据
zenodo,zenodo/source_data/图源数据/xml/DepMap_percell_delta_eval.xml,gigascience_v5/图源数据/xml/DepMap_percell_delta_eval.xml,图表源数据
zenodo,zenodo/source_data/图源数据/xml/DepMap_percell_PCC.xml,gigascience_v5/图源数据/xml/DepMap_percell_PCC.xml,图表源数据
zenodo,zenodo/source_data/图源数据/xml/TableS_disease_perdrug_scored.xml,gigascience_v5/图源数据/xml/TableS_disease_perdrug_scored.xml,图表源数据
zenodo,zenodo/source_data/图源数据/xml/TableS_seven_models.xml,gigascience_v5/图源数据/xml/TableS_seven_models.xml,图表源数据
zenodo,zenodo/source_data/within_reference_topk_stability.csv,gigascience_upload_work/within_reference_topk_stability.csv,同参考稳定性
zenodo,zenodo/source_data/crossed_bootstrap_delta.csv,gigascience_upload_work/crossed_bootstrap_delta.csv,crossed 主 Δ
zenodo,zenodo/source_data/crossed_bootstrap_2x2.csv,gigascience_upload_work/crossed_bootstrap_2x2.csv,crossed 2×2
zenodo,zenodo/source_data/disease_list_boundary_fragility.csv,gigascience_upload_work/disease_list_boundary_fragility.csv,疾病榜单边界
zenodo,zenodo/supplementary/analysis_summary.json,gigascience_upload_work/GigaScience_Submission_Upload/supplementary/analysis_summary.json,补充材料
zenodo,zenodo/supplementary/Figure_summary_values.csv,gigascience_upload_work/GigaScience_Submission_Upload/supplementary/Figure_summary_values.csv,补充材料
zenodo,zenodo/supplementary/frozen_multimetric_perrow_scores.csv,gigascience_upload_work/GigaScience_Submission_Upload/supplementary/frozen_multimetric_perrow_scores.csv,补充材料
zenodo,zenodo/supplementary/GigaScience_Supplementary_Material_CN.docx,gigascience_upload_work/GigaScience_Submission_Upload/supplementary/GigaScience_Supplementary_Material_CN.docx,补充材料
zenodo,zenodo/supplementary/S10_gtex_donor_medians.csv,gigascience_upload_work/GigaScience_Submission_Upload/supplementary/S10_gtex_donor_medians.csv,补充材料
zenodo,zenodo/supplementary/S11_gtex_donor_bootstrap.csv,gigascience_upload_work/GigaScience_Submission_Upload/supplementary/S11_gtex_donor_bootstrap.csv,补充材料
zenodo,zenodo/supplementary/S12_gtex_tissue_sensitivity.csv,gigascience_upload_work/GigaScience_Submission_Upload/supplementary/S12_gtex_tissue_sensitivity.csv,补充材料
zenodo,zenodo/supplementary/S13_depmap_positive_control_model_metrics.csv,gigascience_upload_work/GigaScience_Submission_Upload/supplementary/S13_depmap_positive_control_model_metrics.csv,补充材料
zenodo,zenodo/supplementary/S14_depmap_positive_control_genewise_across_cell.csv,gigascience_upload_work/GigaScience_Submission_Upload/supplementary/S14_depmap_positive_control_genewise_across_cell.csv,补充材料
zenodo,zenodo/supplementary/S15_depmap_positive_control_interaction_bootstrap.csv,gigascience_upload_work/GigaScience_Submission_Upload/supplementary/S15_depmap_positive_control_interaction_bootstrap.csv,补充材料
zenodo,zenodo/supplementary/S16_depmap_272cell_consistency_and_prediction_means.csv,gigascience_upload_work/GigaScience_Submission_Upload/supplementary/S16_depmap_272cell_consistency_and_prediction_means.csv,补充材料
zenodo,zenodo/supplementary/S17_within_reference_rank_stability.csv,gigascience_upload_work/GigaScience_Submission_Upload/supplementary/S17_within_reference_rank_stability.csv,补充材料
zenodo,zenodo/supplementary/S17b_coverage_ge3_rank_stability.csv,gigascience_upload_work/GigaScience_Submission_Upload/supplementary/S17b_coverage_ge3_rank_stability.csv,补充材料
zenodo,zenodo/supplementary/S17c_within_reference_spearman.csv,gigascience_upload_work/GigaScience_Submission_Upload/supplementary/S17c_within_reference_spearman.csv,补充材料
zenodo,zenodo/supplementary/S18_lincs_crossed_primary_delta.csv,gigascience_upload_work/GigaScience_Submission_Upload/supplementary/S18_lincs_crossed_primary_delta.csv,补充材料
zenodo,zenodo/supplementary/S19_disease_shortlist_boundary.csv,gigascience_upload_work/GigaScience_Submission_Upload/supplementary/S19_disease_shortlist_boundary.csv,补充材料
zenodo,zenodo/supplementary/S1_weighting_and_metrics.csv,gigascience_upload_work/GigaScience_Submission_Upload/supplementary/S1_weighting_and_metrics.csv,补充材料
zenodo,zenodo/supplementary/S20_lincs_crossed_2x2.csv,gigascience_upload_work/GigaScience_Submission_Upload/supplementary/S20_lincs_crossed_2x2.csv,补充材料
zenodo,zenodo/supplementary/S21_rank_concordance_summary.csv,gigascience_upload_work/GigaScience_Submission_Upload/supplementary/S21_rank_concordance_summary.csv,补充材料
zenodo,zenodo/supplementary/S22_topk_random_expectation.csv,gigascience_upload_work/GigaScience_Submission_Upload/supplementary/S22_topk_random_expectation.csv,补充材料
zenodo,zenodo/supplementary/S2_leave_one_cell_out.csv,gigascience_upload_work/GigaScience_Submission_Upload/supplementary/S2_leave_one_cell_out.csv,补充材料
zenodo,zenodo/supplementary/S3_topk_performance_ranking.csv,gigascience_upload_work/GigaScience_Submission_Upload/supplementary/S3_topk_performance_ranking.csv,补充材料
zenodo,zenodo/supplementary/S4_depmap_train_gene_mean_baseline.csv,gigascience_upload_work/GigaScience_Submission_Upload/supplementary/S4_depmap_train_gene_mean_baseline.csv,补充材料
zenodo,zenodo/supplementary/S5_depmap_raw_residualized_2x2.csv,gigascience_upload_work/GigaScience_Submission_Upload/supplementary/S5_depmap_raw_residualized_2x2.csv,补充材料
zenodo,zenodo/supplementary/S6_depmap_interaction_bootstrap_summary.csv,gigascience_upload_work/GigaScience_Submission_Upload/supplementary/S6_depmap_interaction_bootstrap_summary.csv,补充材料
zenodo,zenodo/supplementary/S7_deepdep_common_grid_summary.csv,gigascience_upload_work/GigaScience_Submission_Upload/supplementary/S7_deepdep_common_grid_summary.csv,补充材料
zenodo,zenodo/supplementary/S8_gtex_reference_product_2x2.csv,gigascience_upload_work/GigaScience_Submission_Upload/supplementary/S8_gtex_reference_product_2x2.csv,补充材料
zenodo,zenodo/supplementary/S9_depmap_crossed_bootstrap.csv,gigascience_upload_work/GigaScience_Submission_Upload/supplementary/S9_depmap_crossed_bootstrap.csv,补充材料
zenodo,zenodo/supplementary/S_cosine_by_cell.csv,gigascience_upload_work/GigaScience_Submission_Upload/supplementary/S_cosine_by_cell.csv,补充材料
zenodo,zenodo/supplementary/S_cosine_by_drug.csv,gigascience_upload_work/GigaScience_Submission_Upload/supplementary/S_cosine_by_drug.csv,补充材料
zenodo,zenodo/supplementary/S_pearson_by_cell.csv,gigascience_upload_work/GigaScience_Submission_Upload/supplementary/S_pearson_by_cell.csv,补充材料
zenodo,zenodo/supplementary/S_pearson_by_drug.csv,gigascience_upload_work/GigaScience_Submission_Upload/supplementary/S_pearson_by_drug.csv,补充材料
zenodo,zenodo/supplementary/S_spearman_by_cell.csv,gigascience_upload_work/GigaScience_Submission_Upload/supplementary/S_spearman_by_cell.csv,补充材料
zenodo,zenodo/supplementary/S_spearman_by_drug.csv,gigascience_upload_work/GigaScience_Submission_Upload/supplementary/S_spearman_by_drug.csv,补充材料
zenodo,zenodo/supplementary/TableS_drug_coverage_matrix_drugs.csv,gigascience_upload_work/GigaScience_Submission_Upload/supplementary/TableS_drug_coverage_matrix_drugs.csv,补充材料
zenodo,zenodo/figures/Figure1_design.pdf,gigascience_upload_work/GigaScience_Submission_Upload/figures/Figure1_design.pdf,正式图件
zenodo,zenodo/figures/Figure1_design.png,gigascience_upload_work/GigaScience_Submission_Upload/figures/Figure1_design.png,正式图件
zenodo,zenodo/figures/Figure2_fixed_output.pdf,gigascience_upload_work/GigaScience_Submission_Upload/figures/Figure2_fixed_output.pdf,正式图件
zenodo,zenodo/figures/Figure2_fixed_output.png,gigascience_upload_work/GigaScience_Submission_Upload/figures/Figure2_fixed_output.png,正式图件
zenodo,zenodo/figures/Figure3_training_evaluation.pdf,gigascience_upload_work/GigaScience_Submission_Upload/figures/Figure3_training_evaluation.pdf,正式图件
zenodo,zenodo/figures/Figure3_training_evaluation.png,gigascience_upload_work/GigaScience_Submission_Upload/figures/Figure3_training_evaluation.png,正式图件
zenodo,zenodo/figures/Figure4_ranking_consequence.pdf,gigascience_upload_work/GigaScience_Submission_Upload/figures/Figure4_ranking_consequence.pdf,正式图件
zenodo,zenodo/figures/Figure4_ranking_consequence.png,gigascience_upload_work/GigaScience_Submission_Upload/figures/Figure4_ranking_consequence.png,正式图件
zenodo,zenodo/figures/Figure5_depmap_mechanism_control.pdf,gigascience_upload_work/GigaScience_Submission_Upload/figures/Figure5_depmap_mechanism_control.pdf,正式图件
zenodo,zenodo/figures/Figure5_depmap_mechanism_control.png,gigascience_upload_work/GigaScience_Submission_Upload/figures/Figure5_depmap_mechanism_control.png,正式图件
zenodo,zenodo/figures/Figure6_gtex_reference_matching.pdf,gigascience_upload_work/GigaScience_Submission_Upload/figures/Figure6_gtex_reference_matching.pdf,正式图件
zenodo,zenodo/figures/Figure6_gtex_reference_matching.png,gigascience_upload_work/GigaScience_Submission_Upload/figures/Figure6_gtex_reference_matching.png,正式图件
zenodo,zenodo/figures/Supplementary_Figure_S1_LINCS_heterogeneity.pdf,gigascience_upload_work/GigaScience_Submission_Upload/figures/Supplementary_Figure_S1_LINCS_heterogeneity.pdf,正式图件
zenodo,zenodo/figures/Supplementary_Figure_S1_LINCS_heterogeneity.png,gigascience_upload_work/GigaScience_Submission_Upload/figures/Supplementary_Figure_S1_LINCS_heterogeneity.png,正式图件
zenodo,zenodo/manuscript/Cover_Letter_CN_GigaScience.docx,gigascience_upload_work/GigaScience_Submission_Upload/manuscript/Cover_Letter_CN_GigaScience.docx,稿件（含图版）
zenodo,zenodo/manuscript/Main_Text_CN_GigaScience.docx,gigascience_upload_work/GigaScience_Submission_Upload/manuscript/Main_Text_CN_GigaScience.docx,稿件（含图版）
zenodo,zenodo/source_data/lincs_index/beta_v2_trt_inst_ids.txt,gigascience_v5/data/level3_instids/beta_v2_trt_inst_ids.txt,LINCS inst_id 清单（重建参考矩阵用）
zenodo,zenodo/source_data/lincs_index/controls_inst_ids.txt,gigascience_v5/data/level3_instids/controls_inst_ids.txt,LINCS inst_id 清单（重建参考矩阵用）
zenodo,zenodo/source_data/lincs_index/dcic2021_trt_inst_ids.txt,gigascience_v5/data/level3_instids/dcic2021_trt_inst_ids.txt,LINCS inst_id 清单（重建参考矩阵用）
zenodo,zenodo/source_data/lincs_index/eval11275_trt_inst_ids.txt,gigascience_v5/data/level3_instids/eval11275_trt_inst_ids.txt,LINCS inst_id 清单（重建参考矩阵用）
zenodo,zenodo/source_data/lincs_index/rebuilt_training_trt_inst_ids.txt,gigascience_v5/data/level3_instids/rebuilt_training_trt_inst_ids.txt,LINCS inst_id 清单（重建参考矩阵用）
zenodo,zenodo/source_data/lincs_index/union_inst_ids.txt,gigascience_v5/data/level3_instids/union_inst_ids.txt,LINCS inst_id 清单（重建参考矩阵用）
zenodo,zenodo/source_data/lincs_index/union_inst_ids_gctx_present.txt,gigascience_v5/data/level3_instids/union_inst_ids_gctx_present.txt,LINCS inst_id 清单（重建参考矩阵用）
zenodo,zenodo/source_data/lincs_index/geneinfo_beta.txt,gigascience_v5/data/dcic2021_prnet_index/geneinfo_beta.txt,基因/条件元数据
zenodo,zenodo/source_data/lincs_index/dcic2021_conditions.tsv,gigascience_v5/data/dcic2021_prnet_index/dcic2021_conditions.tsv,基因/条件元数据
github,github/docs/prior_details/FigS5_DepMap_fixed_output_replication.pdf,gigascience_v5/补充材料/FigS5_DepMap_fixed_output_replication.pdf,上游数据溯源与口径说明（含 URL/MD5）
github,github/docs/prior_details/FigS5_DepMap_fixed_output_replication.png,gigascience_v5/补充材料/FigS5_DepMap_fixed_output_replication.png,上游数据溯源与口径说明（含 URL/MD5）
github,github/docs/prior_details/NoteS13_method_and_prior_details.md,gigascience_v5/补充材料/NoteS13_method_and_prior_details.md,上游数据溯源与口径说明（含 URL/MD5）
github,github/docs/prior_details/NoteS14_robustness_and_readings.md,gigascience_v5/补充材料/NoteS14_robustness_and_readings.md,上游数据溯源与口径说明（含 URL/MD5）
github,github/docs/prior_details/NoteS25_training_evaluation_2x2.md,gigascience_v5/补充材料/NoteS25_training_evaluation_2x2.md,上游数据溯源与口径说明（含 URL/MD5）
github,github/docs/prior_details/NoteS26_gene_caliber_and_seven_model_arms.md,gigascience_v5/补充材料/NoteS26_gene_caliber_and_seven_model_arms.md,上游数据溯源与口径说明（含 URL/MD5）
github,github/docs/prior_details/README_supplementary.md,gigascience_v5/补充材料/README_supplementary.md,上游数据溯源与口径说明（含 URL/MD5）
github,github/docs/prior_details/TableS19_drug_identity_audit.csv,gigascience_v5/补充材料/TableS19_drug_identity_audit.csv,上游数据溯源与口径说明（含 URL/MD5）
github,github/docs/prior_details/TableS19_drug_identity_audit.md,gigascience_v5/补充材料/TableS19_drug_identity_audit.md,上游数据溯源与口径说明（含 URL/MD5）
github,github/docs/prior_details/TableS20_绝对topk_筛查排名.csv,gigascience_v5/补充材料/TableS20_绝对topk_筛查排名.csv,上游数据溯源与口径说明（含 URL/MD5）
github,github/docs/prior_details/TableS21_L1000_provenance_audit.md,gigascience_v5/补充材料/TableS21_L1000_provenance_audit.md,上游数据溯源与口径说明（含 URL/MD5）
github,github/docs/prior_details/TableS21a_representative_object_tracking_cases.md,gigascience_v5/补充材料/TableS21a_representative_object_tracking_cases.md,上游数据溯源与口径说明（含 URL/MD5）
github,github/docs/prior_details/TableS22_严格双侧未见_逐药.csv,gigascience_v5/补充材料/TableS22_严格双侧未见_逐药.csv,上游数据溯源与口径说明（含 URL/MD5）
github,github/docs/prior_details/TableS23_DepMap_fixed_output_replication.csv,gigascience_v5/补充材料/TableS23_DepMap_fixed_output_replication.csv,上游数据溯源与口径说明（含 URL/MD5）
github,github/docs/prior_details/TableS23_DepMap_fixed_output_replication.md,gigascience_v5/补充材料/TableS23_DepMap_fixed_output_replication.md,上游数据溯源与口径说明（含 URL/MD5）
github,github/docs/prior_details/TableS24_seven_predictor_fixed_output.csv,gigascience_v5/补充材料/TableS24_seven_predictor_fixed_output.csv,上游数据溯源与口径说明（含 URL/MD5）
github,github/docs/prior_details/TableS25_interaction_summary.csv,gigascience_v5/补充材料/TableS25_interaction_summary.csv,上游数据溯源与口径说明（含 URL/MD5）
github,github/docs/prior_details/TableS25_training_evaluation_2x2.csv,gigascience_v5/补充材料/TableS25_training_evaluation_2x2.csv,上游数据溯源与口径说明（含 URL/MD5）
跳过(重复),zenodo/source_data/depmap_analysis_ready_20260929/README_ANALYSIS_READY.md,github/docs/README_ANALYSIS_READY.md,与 github/docs/README_ANALYSIS_READY.md 内容相同（sha256 一致），已去重 0.0 MB
跳过(重复),zenodo/source_data/depmap_analysis_ready_20260929/README_MANIFEST.md,github/docs/README_MANIFEST.md,与 github/docs/README_MANIFEST.md 内容相同（sha256 一致），已去重 0.0 MB
跳过(重复),zenodo/source_data/depmap_positive_control/README.md,github/docs/README.md,与 github/docs/README.md 内容相同（sha256 一致），已去重 0.0 MB
跳过(重复),zenodo/source_data/depmap_positive_control/scripts/bootstrap_interaction.py,github/analysis/bootstrap_interaction.py,与 github/analysis/bootstrap_interaction.py 内容相同（sha256 一致），已去重 0.0 MB
跳过(重复),zenodo/source_data/depmap_positive_control/scripts/make_panel_figure.py,github/analysis/make_panel_figure.py,与 github/analysis/make_panel_figure.py 内容相同（sha256 一致），已去重 0.0 MB
跳过(重复),zenodo/source_data/depmap_positive_control/scripts/make_panelAB_figure.py,github/analysis/make_panelAB_figure.py,与 github/analysis/make_panelAB_figure.py 内容相同（sha256 一致），已去重 0.0 MB
跳过(重复),zenodo/source_data/depmap_positive_control/scripts/make_panelC_figure.py,github/analysis/make_panelC_figure.py,与 github/analysis/make_panelC_figure.py 内容相同（sha256 一致），已去重 0.0 MB
跳过(重复),zenodo/source_data/depmap_positive_control/scripts/positive_control_expression_ridge.py,github/analysis/positive_control_expression_ridge.py,与 github/analysis/positive_control_expression_ridge.py 内容相同（sha256 一致），已去重 0.0 MB
跳过(重复),zenodo/source_data/depmap_raw_artifacts_20260929/first_predictor_DeepDEP/_intersection_stats.json,zenodo/source_data/depmap_analysis_ready_20260929/first_predictor_DeepDEP/_intersection_stats.json,与 zenodo/source_data/depmap_analysis_ready_20260929/first_predictor_DeepDEP/_intersection_stats.json 内容相同（sha256 一致），已去重 0.0 MB
跳过(重复),zenodo/source_data/depmap_raw_artifacts_20260929/first_predictor_DeepDEP/mapping_audit.json,zenodo/source_data/depmap_analysis_ready_20260929/first_predictor_DeepDEP/mapping_audit.json,与 zenodo/source_data/depmap_analysis_ready_20260929/first_predictor_DeepDEP/mapping_audit.json 内容相同（sha256 一致），已去重 0.0 MB
跳过(重复),zenodo/source_data/depmap_raw_artifacts_20260929/index/cell_order.txt,zenodo/source_data/depmap_analysis_ready_20260929/index/cell_order.txt,与 zenodo/source_data/depmap_analysis_ready_20260929/index/cell_order.txt 内容相同（sha256 一致），已去重 0.0 MB
跳过(重复),zenodo/source_data/depmap_raw_artifacts_20260929/index/depmap_index.json,zenodo/source_data/depmap_analysis_ready_20260929/index/depmap_index.json,与 zenodo/source_data/depmap_analysis_ready_20260929/index/depmap_index.json 内容相同（sha256 一致），已去重 0.0 MB
跳过(重复),zenodo/source_data/depmap_raw_artifacts_20260929/index/manifest.json,zenodo/source_data/depmap_analysis_ready_20260929/index/manifest.json,与 zenodo/source_data/depmap_analysis_ready_20260929/index/manifest.json 内容相同（sha256 一致），已去重 0.0 MB
跳过(重复),zenodo/source_data/depmap_raw_artifacts_20260929/index/split.json,zenodo/source_data/depmap_analysis_ready_20260929/index/split.json,与 zenodo/source_data/depmap_analysis_ready_20260929/index/split.json 内容相同（sha256 一致），已去重 0.0 MB
跳过(重复),zenodo/source_data/depmap_raw_artifacts_20260929/index/target_genes.txt,zenodo/source_data/depmap_analysis_ready_20260929/index/target_genes.txt,与 zenodo/source_data/depmap_analysis_ready_20260929/index/target_genes.txt 内容相同（sha256 一致），已去重 0.3 MB
跳过(重复),zenodo/source_data/depmap_raw_artifacts_20260929/index/test_cell_order.txt,zenodo/source_data/depmap_analysis_ready_20260929/index/test_cell_order.txt,与 zenodo/source_data/depmap_analysis_ready_20260929/index/test_cell_order.txt 内容相同（sha256 一致），已去重 0.0 MB
跳过(重复),zenodo/source_data/depmap_raw_artifacts_20260929/index/test_cell_order_seed0.txt,zenodo/source_data/depmap_analysis_ready_20260929/index/test_cell_order.txt,与 zenodo/source_data/depmap_analysis_ready_20260929/index/test_cell_order.txt 内容相同（sha256 一致），已去重 0.0 MB
跳过(重复),zenodo/source_data/depmap_raw_artifacts_20260929/index/test_cell_order_seed1.txt,zenodo/source_data/depmap_analysis_ready_20260929/index/test_cell_order.txt,与 zenodo/source_data/depmap_analysis_ready_20260929/index/test_cell_order.txt 内容相同（sha256 一致），已去重 0.0 MB
跳过(重复),zenodo/source_data/depmap_raw_artifacts_20260929/index/test_cell_order_seed2.txt,zenodo/source_data/depmap_analysis_ready_20260929/index/test_cell_order.txt,与 zenodo/source_data/depmap_analysis_ready_20260929/index/test_cell_order.txt 内容相同（sha256 一致），已去重 0.0 MB
跳过(重复),zenodo/source_data/depmap_raw_artifacts_20260929/index/test_cell_order_seed3.txt,zenodo/source_data/depmap_analysis_ready_20260929/index/test_cell_order.txt,与 zenodo/source_data/depmap_analysis_ready_20260929/index/test_cell_order.txt 内容相同（sha256 一致），已去重 0.0 MB
跳过(重复),zenodo/source_data/depmap_raw_artifacts_20260929/index/test_cell_order_seed4.txt,zenodo/source_data/depmap_analysis_ready_20260929/index/test_cell_order.txt,与 zenodo/source_data/depmap_analysis_ready_20260929/index/test_cell_order.txt 内容相同（sha256 一致），已去重 0.0 MB
跳过(重复),zenodo/source_data/depmap_raw_artifacts_20260929/predictions_test/seed0_pred_ceres_arm_test.npy,zenodo/source_data/depmap_analysis_ready_20260929/predictions_test/seed0_pred_ceres_arm_test.npy,与 zenodo/source_data/depmap_analysis_ready_20260929/predictions_test/seed0_pred_ceres_arm_test.npy 内容相同（sha256 一致），已去重 9.5 MB
跳过(重复),zenodo/source_data/depmap_raw_artifacts_20260929/predictions_test/seed0_pred_chronos_arm_test.npy,zenodo/source_data/depmap_analysis_ready_20260929/predictions_test/seed0_pred_chronos_arm_test.npy,与 zenodo/source_data/depmap_analysis_ready_20260929/predictions_test/seed0_pred_chronos_arm_test.npy 内容相同（sha256 一致），已去重 9.5 MB
跳过(重复),zenodo/source_data/depmap_raw_artifacts_20260929/predictions_test/seed1_pred_ceres_arm_test.npy,zenodo/source_data/depmap_analysis_ready_20260929/predictions_test/seed1_pred_ceres_arm_test.npy,与 zenodo/source_data/depmap_analysis_ready_20260929/predictions_test/seed1_pred_ceres_arm_test.npy 内容相同（sha256 一致），已去重 9.5 MB
跳过(重复),zenodo/source_data/depmap_raw_artifacts_20260929/predictions_test/seed1_pred_chronos_arm_test.npy,zenodo/source_data/depmap_analysis_ready_20260929/predictions_test/seed1_pred_chronos_arm_test.npy,与 zenodo/source_data/depmap_analysis_ready_20260929/predictions_test/seed1_pred_chronos_arm_test.npy 内容相同（sha256 一致），已去重 9.5 MB
跳过(重复),zenodo/source_data/depmap_raw_artifacts_20260929/predictions_test/seed2_pred_ceres_arm_test.npy,zenodo/source_data/depmap_analysis_ready_20260929/predictions_test/seed2_pred_ceres_arm_test.npy,与 zenodo/source_data/depmap_analysis_ready_20260929/predictions_test/seed2_pred_ceres_arm_test.npy 内容相同（sha256 一致），已去重 9.5 MB
跳过(重复),zenodo/source_data/depmap_raw_artifacts_20260929/predictions_test/seed2_pred_chronos_arm_test.npy,zenodo/source_data/depmap_analysis_ready_20260929/predictions_test/seed2_pred_chronos_arm_test.npy,与 zenodo/source_data/depmap_analysis_ready_20260929/predictions_test/seed2_pred_chronos_arm_test.npy 内容相同（sha256 一致），已去重 9.5 MB
跳过(重复),zenodo/source_data/depmap_raw_artifacts_20260929/predictions_test/seed3_pred_ceres_arm_test.npy,zenodo/source_data/depmap_analysis_ready_20260929/predictions_test/seed3_pred_ceres_arm_test.npy,与 zenodo/source_data/depmap_analysis_ready_20260929/predictions_test/seed3_pred_ceres_arm_test.npy 内容相同（sha256 一致），已去重 9.5 MB
跳过(重复),zenodo/source_data/depmap_raw_artifacts_20260929/predictions_test/seed3_pred_chronos_arm_test.npy,zenodo/source_data/depmap_analysis_ready_20260929/predictions_test/seed3_pred_chronos_arm_test.npy,与 zenodo/source_data/depmap_analysis_ready_20260929/predictions_test/seed3_pred_chronos_arm_test.npy 内容相同（sha256 一致），已去重 9.5 MB
跳过(重复),zenodo/source_data/depmap_raw_artifacts_20260929/predictions_test/seed4_pred_ceres_arm_test.npy,zenodo/source_data/depmap_analysis_ready_20260929/predictions_test/seed4_pred_ceres_arm_test.npy,与 zenodo/source_data/depmap_analysis_ready_20260929/predictions_test/seed4_pred_ceres_arm_test.npy 内容相同（sha256 一致），已去重 9.5 MB
跳过(重复),zenodo/source_data/depmap_raw_artifacts_20260929/predictions_test/seed4_pred_chronos_arm_test.npy,zenodo/source_data/depmap_analysis_ready_20260929/predictions_test/seed4_pred_chronos_arm_test.npy,与 zenodo/source_data/depmap_analysis_ready_20260929/predictions_test/seed4_pred_chronos_arm_test.npy 内容相同（sha256 一致），已去重 9.5 MB
跳过(重复),zenodo/source_data/depmap_raw_artifacts_20260929/README_MANIFEST.md,github/docs/README_MANIFEST.md,与 github/docs/README_MANIFEST.md 内容相同（sha256 一致），已去重 0.0 MB
跳过(重复),zenodo/source_data/depmap_raw_artifacts_20260929/verify_alignment.py,zenodo/source_data/depmap_analysis_ready_20260929/verify_alignment.py,与 zenodo/source_data/depmap_analysis_ready_20260929/verify_alignment.py 内容相同（sha256 一致），已去重 0.0 MB
跳过(重复),zenodo/source_data/gtex_reference_sensitivity/config.yaml,github/config.yaml,与 github/config.yaml 内容相同（sha256 一致），已去重 0.0 MB
跳过(重复),zenodo/source_data/gtex_reference_sensitivity/figures/fig1_score_distributions.png,zenodo/source_data/gtex_reference_sensitivity/deliverables/fig_reference_agreement.png,与 zenodo/source_data/gtex_reference_sensitivity/deliverables/fig_reference_agreement.png 内容相同（sha256 一致），已去重 0.1 MB
跳过(重复),zenodo/source_data/gtex_reference_sensitivity/figures/fig2_2x2_interaction.png,zenodo/source_data/gtex_reference_sensitivity/deliverables/fig_2x2_heatmap.png,与 zenodo/source_data/gtex_reference_sensitivity/deliverables/fig_2x2_heatmap.png 内容相同（sha256 一致），已去重 0.1 MB
跳过(重复),zenodo/source_data/gtex_reference_sensitivity/results/per_sample_scores.csv,zenodo/source_data/gtex_reference_sensitivity/deliverables/per_sample_scores.csv,与 zenodo/source_data/gtex_reference_sensitivity/deliverables/per_sample_scores.csv 内容相同（sha256 一致），已去重 1.0 MB
跳过(重复),zenodo/source_data/gtex_reference_sensitivity/scripts/00_inspect_headers.py,github/analysis/00_inspect_headers.py,与 github/analysis/00_inspect_headers.py 内容相同（sha256 一致），已去重 0.0 MB
跳过(重复),zenodo/source_data/gtex_reference_sensitivity/scripts/01_check_samples.py,github/analysis/01_check_samples.py,与 github/analysis/01_check_samples.py 内容相同（sha256 一致），已去重 0.0 MB
跳过(重复),zenodo/source_data/gtex_reference_sensitivity/scripts/02_aggregate_rsem_to_gene.py,github/analysis/02_aggregate_rsem_to_gene.py,与 github/analysis/02_aggregate_rsem_to_gene.py 内容相同（sha256 一致），已去重 0.0 MB
跳过(重复),zenodo/source_data/gtex_reference_sensitivity/scripts/03_align_products.py,github/analysis/03_align_products.py,与 github/analysis/03_align_products.py 内容相同（sha256 一致），已去重 0.0 MB
跳过(重复),zenodo/source_data/gtex_reference_sensitivity/scripts/04_make_splits.py,github/analysis/04_make_splits.py,与 github/analysis/04_make_splits.py 内容相同（sha256 一致），已去重 0.0 MB
跳过(重复),zenodo/source_data/gtex_reference_sensitivity/scripts/05_build_predictors.py,github/analysis/05_build_predictors.py,与 github/analysis/05_build_predictors.py 内容相同（sha256 一致），已去重 0.0 MB
跳过(重复),zenodo/source_data/gtex_reference_sensitivity/scripts/06_score_2x2.py,github/analysis/06_score_2x2.py,与 github/analysis/06_score_2x2.py 内容相同（sha256 一致），已去重 0.0 MB
跳过(重复),zenodo/source_data/gtex_reference_sensitivity/scripts/07_bootstrap.py,github/analysis/07_bootstrap.py,与 github/analysis/07_bootstrap.py 内容相同（sha256 一致），已去重 0.0 MB
跳过(重复),zenodo/source_data/gtex_reference_sensitivity/scripts/08_make_figures.py,github/analysis/08_make_figures.py,与 github/analysis/08_make_figures.py 内容相同（sha256 一致），已去重 0.0 MB
跳过(重复),zenodo/source_data/gtex_reference_sensitivity/scripts/09_make_deliverables.py,github/analysis/09_make_deliverables.py,与 github/analysis/09_make_deliverables.py 内容相同（sha256 一致），已去重 0.0 MB
跳过(重复),zenodo/source_data/gtex_reference_sensitivity/scripts/common.py,github/analysis/common.py,与 github/analysis/common.py 内容相同（sha256 一致），已去重 0.0 MB
跳过(重复),zenodo/source_data/lincs_index/union_inst_ids.txt,zenodo/source_data/lincs_index/dcic2021_trt_inst_ids.txt,与 zenodo/source_data/lincs_index/dcic2021_trt_inst_ids.txt 内容相同（sha256 一致），已去重 43.2 MB
跳过(重复),zenodo/supplementary/S13_depmap_positive_control_model_metrics.csv,zenodo/source_data/depmap_positive_control/results/model_metric_summary.csv,与 zenodo/source_data/depmap_positive_control/results/model_metric_summary.csv 内容相同（sha256 一致），已去重 0.0 MB
跳过(重复),zenodo/supplementary/S14_depmap_positive_control_genewise_across_cell.csv,zenodo/source_data/depmap_positive_control/results/per_gene_across_cell.csv,与 zenodo/source_data/depmap_positive_control/results/per_gene_across_cell.csv 内容相同（sha256 一致），已去重 8.8 MB
